response_date,Q1: Which biohacking protocols do you currently practice?,Q2: Which supplements do you take regularly?,"Q3: How much do you spend monthly on biohacking (supplements, devices, services)?",Q4: How long have you been actively biohacking?,Q5: What's your primary motivation for biohacking?,Q6: How would you describe your biohacking involvement?,Q7: Do you actively pursue longevity / life extension?,Q8: Which longevity-focused practices do you use?,Q9: What's your target lifespan goal?,"Q10: How optimistic are you about radical life extension in your lifetime? (1 = not at all, 10...","Q11: How would you rate your current sleep quality? (1 = terrible, 10 = excellent)",Q12: Which sleep optimization tools do you use?,Q13: How would you describe your approach to cognitive enhancement?,Q14: What cognitive outcome matters most to you?,Q15: What is your primary form of exercise?,Q16: Which health tracking devices have you used?,Q17: How often do you get bloodwork or lab panels done?,Q18: Which biomarkers do you actively track?,Q19: What's the most expensive single biohacking purchase you've made?,Q20: Where do you learn about biohacking?,Q21: How often do you share biohacking tips or recommendations with others?,Q22: What's the single biggest barrier to your biohacking goals?,Q23: How would you describe your current dietary approach?,Q24: What's your age range?,Q25: Gender,Q26: Where are you located?
2026-05-01,"Heat therapy (sauna, hot tubs)",Omega-3 / fish oil; B vitamins / methylated B complex,Under $50,Less than 1 year,General wellness / prevention,Casual - I try things I hear about,"No, not really",Strength training for longevity,I just want to feel good now,1,,,,,,,,,,,,,,,,
2026-03-22,"Cold exposure (ice baths, cold showers, cryo)",Magnesium,Under $50,Less than 1 year,Peak mental performance,Casual - I try things I hear about,"No, not really",Caloric restriction / time-restricted eating,I just want to feel good now,1,1,"Sleep tracker (Oura, Whoop, Apple Watch, etc.)",I don't actively optimize cognition,,"Zone 2 cardio (walking, easy jogging, cycling)",Oura Ring,Never / rarely,"I track 100+ (select all); Standard lipid panel; Fasting glucose / HbA1c; Testosterone / hormones; Thyroid (TSH, T3, T4); Vitamin D levels; Inflammation markers (CRP, homocysteine); Complete metabolic panel; Liver enzymes (ALT, AST); Biological age markers (epigenetic clocks); Microbiome / gut health testing; Heavy metals / toxins; Nutrient levels (RBC magnesium, zinc, etc.)",Under $100,"Podcasts (Huberman, Attia, Asprey, etc.)",,Cost / budget,No specific diet,18–24,Male,United States
2026-03-07,"Cold exposure (ice baths, cold showers, cryo); Heat therapy (sauna, hot tubs); Red/near-infrared light therapy; Breathwork (Wim Hof, box breathing, etc.); Meditation / mindfulness; Peptide therapy; Blue light blocking; Hormone optimization (TRT, HGH, thyroid)","Magnesium; Vitamin D3 + K2; Omega-3 / fish oil; Creatine; NAD+ precursors (NMN, NR); B vitamins / methylated B complex; CoQ10 / ubiquinol; Lion's mane / medicinal mushrooms; Curcumin / turmeric; Amino acids (EAAs, BCAAs, glycine); Specialty compounds (rapamycin, metformin, etc.)",$150–$300,1–2 years,Longevity / healthspan,Intentional - I research before trying,Somewhat - I make choices with longevity in mind,"NAD+ boosting (NMN, NR, IV NAD+); Senolytics (fisetin, dasatinib + quercetin); Strength training for longevity",I just want to feel good now,5,4,"Sleep tracker (Oura, Whoop, Apple Watch, etc.); Blue light blocking glasses; Magnesium before bed; Blackout curtains / sleep mask; Sleep supplements (glycine, apigenin, L-theanine, etc.); Red light in evening","Moderate - nootropics, brain training, or meditation",Memory & recall,Hybrid (strength + cardio mix),Apple Watch / Garmin / Fitbit; Other,Once a year (annual physical),"Standard lipid panel; Fasting glucose / HbA1c; Testosterone / hormones; Thyroid (TSH, T3, T4); Vitamin D levels; Inflammation markers (CRP, homocysteine); Liver enzymes (ALT, AST); Nutrient levels (RBC magnesium, zinc, etc.)","$500–$2,000",Books; Practitioners / health coaches,Occasionally with close friends / family,Not knowing what actually works,Mediterranean,65+,Male,Canada
2026-03-28,"Red/near-infrared light therapy; Breathwork (Wim Hof, box breathing, etc.); Grounding / earthing; Fasting (intermittent, extended, etc.)",Magnesium; Omega-3 / fish oil; Probiotics / prebiotics; Collagen; B vitamins / methylated B complex; Curcumin / turmeric; Zinc,$50–$150,3–5 years,General wellness / prevention,Casual - I try things I hear about,Somewhat - I make choices with longevity in mind,Caloric restriction / time-restricted eating; Dental / oral microbiome optimization,100+ healthy years,8,,,,,,,,,,,,,,,,
2026-03-20,"Cold exposure (ice baths, cold showers, cryo); Heat therapy (sauna, hot tubs); Red/near-infrared light therapy; Breathwork (Wim Hof, box breathing, etc.); Meditation / mindfulness; Nootropics / smart drugs; Peptide therapy; Grounding / earthing; Blue light blocking; EMF mitigation; Fasting (intermittent, extended, etc.); Sleep optimization (devices, protocols); HRV training / biofeedback","Magnesium; Vitamin D3 + K2; Creatine; Adaptogens (ashwagandha, rhodiola, etc.); Probiotics / prebiotics; NAD+ precursors (NMN, NR); Collagen; B vitamins / methylated B complex; CoQ10 / ubiquinol; Lion's mane / medicinal mushrooms; Electrolytes; Amino acids (EAAs, BCAAs, glycine); Specialty compounds (rapamycin, metformin, etc.)",$300–$500,10+ years,Professional advantage,Professional - I advise others or work in the field,Yes - it's a core focus of my lifestyle,"Caloric restriction / time-restricted eating; NAD+ boosting (NMN, NR, IV NAD+); Senolytics (fisetin, dasatinib + quercetin); Stem cell therapy; Ozone therapy",,,,,,,,,,,,,,,,,,
2026-04-20,"Heat therapy (sauna, hot tubs); Red/near-infrared light therapy",,Under $50,Less than 1 year,General wellness / prevention,Intentional - I research before trying,Yes - it's a core focus of my lifestyle,,80–90 healthy years,10,7,,I don't actively optimize cognition,,I don't exercise regularly,,Never / rarely,,"$2,000–$5,000","Podcasts (Huberman, Attia, Asprey, etc.); YouTube channels; Books",,Cost / budget,,,,
2026-03-09,"Breathwork (Wim Hof, box breathing, etc.); Meditation / mindfulness; Peptide therapy; Grounding / earthing; Hormone optimization (TRT, HGH, thyroid)","Magnesium; Omega-3 / fish oil; Creatine; Probiotics / prebiotics; NAD+ precursors (NMN, NR); Collagen; B vitamins / methylated B complex; CoQ10 / ubiquinol; Zinc; Electrolytes",$300–$500,1–2 years,Longevity / healthspan,Intentional - I research before trying,Somewhat - I make choices with longevity in mind,"NAD+ boosting (NMN, NR, IV NAD+); Telomere support; VO2 max training; Strength training for longevity",80–90 healthy years,7,8,"Sleep tracker (Oura, Whoop, Apple Watch, etc.); Magnesium before bed; Sleep supplements (glycine, apigenin, L-theanine, etc.); CBD / THC for sleep; Consistent sleep schedule; No screens 1+ hour before bed",I don't actively focus on it,Creativity & flow states,Strength training,Oura Ring; Smart scale (body comp),2–3 times per year,"Standard lipid panel; Fasting glucose / HbA1c; Testosterone / hormones; Thyroid (TSH, T3, T4); Vitamin D levels; Inflammation markers (CRP, homocysteine); Complete metabolic panel; Liver enzymes (ALT, AST); Biological age markers (epigenetic clocks); Microbiome / gut health testing; Heavy metals / toxins; Nutrient levels (RBC magnesium, zinc, etc.)","$500–$2,000","Podcasts (Huberman, Attia, Asprey, etc.); Scientific journals / PubMed; Newsletters / Substack",Occasionally with close friends / family,Consistency / discipline,No specific diet,55–64,Female,United States
2026-03-14,"Heat therapy (sauna, hot tubs); Blue light blocking; EMF mitigation; Fasting (intermittent, extended, etc.); Sleep optimization (devices, protocols); HRV training / biofeedback; Hormone optimization (TRT, HGH, thyroid)","Magnesium; Vitamin D3 + K2; Omega-3 / fish oil; Creatine; Collagen; B vitamins / methylated B complex; Electrolytes; Amino acids (EAAs, BCAAs, glycine)",$300–$500,3–5 years,General wellness / prevention,Systematic - I track outcomes and iterate,Somewhat - I make choices with longevity in mind,Zone 2 cardio; Strength training for longevity; Dental / oral microbiome optimization,100+ healthy years,8,7,"Sleep tracker (Oura, Whoop, Apple Watch, etc.); Blue light blocking glasses; Mouth taping; Magnesium before bed; Blackout curtains / sleep mask; Sleep supplements (glycine, apigenin, L-theanine, etc.); Consistent sleep schedule; Red light in evening","Basic - coffee, exercise, good sleep",Focus & concentration,Strength training,Smart scale (body comp); Other,2–3 times per year,"Standard lipid panel; Fasting glucose / HbA1c; Testosterone / hormones; Thyroid (TSH, T3, T4); Vitamin D levels; Inflammation markers (CRP, homocysteine); Complete metabolic panel; Liver enzymes (ALT, AST); Microbiome / gut health testing; Heavy metals / toxins","$500–$2,000","Podcasts (Huberman, Attia, Asprey, etc.); YouTube channels; Reddit / online forums",Occasionally with close friends / family,Cost / budget,Carnivore or animal-based,25–34,Male,United States
2026-03-21,"Heat therapy (sauna, hot tubs); Peptide therapy; Blue light blocking; Fasting (intermittent, extended, etc.); Sleep optimization (devices, protocols); HRV training / biofeedback; Hormone optimization (TRT, HGH, thyroid)","Magnesium; Vitamin D3 + K2; Omega-3 / fish oil; B vitamins / methylated B complex; Curcumin / turmeric; Zinc; Electrolytes; Amino acids (EAAs, BCAAs, glycine)","$500–$1,000",3–5 years,Appearance / body composition,Casual - I try things I hear about,Somewhat - I make choices with longevity in mind,Zone 2 cardio; Strength training for longevity,80–90 healthy years,4,7,"Sleep tracker (Oura, Whoop, Apple Watch, etc.); Blue light blocking glasses; Temperature regulation (Eight Sleep, ChiliPad, etc.); Magnesium before bed; Blackout curtains / sleep mask; Sleep supplements (glycine, apigenin, L-theanine, etc.); Consistent sleep schedule; Red light in evening","Basic - coffee, exercise, good sleep",Focus & concentration,Strength training,Apple Watch / Garmin / Fitbit; Eight Sleep / sleep temp device; Air quality monitor,2–3 times per year,,,,,,,,,
2026-03-19,"Cold exposure (ice baths, cold showers, cryo); Heat therapy (sauna, hot tubs); Red/near-infrared light therapy; Breathwork (Wim Hof, box breathing, etc.); Meditation / mindfulness; Nootropics / smart drugs; Grounding / earthing; Blue light blocking; Fasting (intermittent, extended, etc.); HRV training / biofeedback; Hormone optimization (TRT, HGH, thyroid)","Magnesium; Vitamin D3 + K2; Omega-3 / fish oil; Adaptogens (ashwagandha, rhodiola, etc.); Probiotics / prebiotics; Collagen; B vitamins / methylated B complex; Lion's mane / medicinal mushrooms; Curcumin / turmeric",$150–$300,10+ years,Longevity / healthspan,Professional - I advise others or work in the field,Yes - it's a core focus of my lifestyle,"Caloric restriction / time-restricted eating; Biological age testing (TruAge, GlycanAge, etc.); Zone 2 cardio; Strength training for longevity; Dental / oral microbiome optimization; Other: bioidentical HRT, fascia health",100+ healthy years,7,8,"Sleep tracker (Oura, Whoop, Apple Watch, etc.); Blue light blocking glasses; Temperature regulation (Eight Sleep, ChiliPad, etc.); Mouth taping; Magnesium before bed; CBD / THC for sleep; Consistent sleep schedule; Red light in evening; Other: Nervous system downregulation through vagus nerve stimulation (Pulsetto, breathing, NeoRhythm","Moderate - nootropics, brain training, or meditation",Neuroprotection / brain longevity,"Zone 2 cardio (walking, easy jogging, cycling)",Oura Ring; Apple Watch / Garmin / Fitbit; Continuous glucose monitor (CGM); Muse / neurofeedback headband; Smart scale (body comp),Once a year (annual physical),"Standard lipid panel; Fasting glucose / HbA1c; Testosterone / hormones; Thyroid (TSH, T3, T4); Vitamin D levels; Inflammation markers (CRP, homocysteine); Biological age markers (epigenetic clocks); Microbiome / gut health testing; Heavy metals / toxins","$500–$2,000","Podcasts (Huberman, Attia, Asprey, etc.); Instagram; Books; Scientific journals / PubMed; Newsletters / Substack; Conferences (Biohacking Conference, A4M, etc.); Practitioners / health coaches",Professionally - it's my career / brand,Information overload - too many options,Mediterranean,45–54,Female,Europe
2026-03-20,"Nootropics / smart drugs; Grounding / earthing; Blue light blocking; Fasting (intermittent, extended, etc.); Sleep optimization (devices, protocols); Hormone optimization (TRT, HGH, thyroid)","Magnesium; Vitamin D3 + K2; Omega-3 / fish oil; Creatine; Adaptogens (ashwagandha, rhodiola, etc.); Probiotics / prebiotics; NAD+ precursors (NMN, NR); Collagen; B vitamins / methylated B complex; CoQ10 / ubiquinol; Lion's mane / medicinal mushrooms; Curcumin / turmeric; Electrolytes; Amino acids (EAAs, BCAAs, glycine)",$300–$500,5–10 years,Longevity / healthspan,Intentional - I research before trying,Yes - it's a core focus of my lifestyle,"Caloric restriction / time-restricted eating; NAD+ boosting (NMN, NR, IV NAD+); Senolytics (fisetin, dasatinib + quercetin); Zone 2 cardio; Strength training for longevity",Maximum possible - longevity escape velocity,7,7,"Sleep tracker (Oura, Whoop, Apple Watch, etc.); Blue light blocking glasses; Magnesium before bed; Blackout curtains / sleep mask; White noise / sound machine; CBD / THC for sleep; Consistent sleep schedule; No screens 1+ hour before bed; Grounding / earthing sheet","Basic - coffee, exercise, good sleep",Focus & concentration,"Zone 2 cardio (walking, easy jogging, cycling)",Oura Ring; Apple Watch / Garmin / Fitbit; Air quality monitor,Once a year (annual physical),"Standard lipid panel; Vitamin D levels; Inflammation markers (CRP, homocysteine); Complete metabolic panel; Liver enzymes (ALT, AST)",$100–$500,"Podcasts (Huberman, Attia, Asprey, etc.); YouTube channels",Occasionally with close friends / family,Cost / budget,Plant-based or vegan,55–64,Female,United States
2026-03-07,"Red/near-infrared light therapy; Blue light blocking; EMF mitigation; Fasting (intermittent, extended, etc.); Sleep optimization (devices, protocols)",Magnesium; B vitamins / methylated B complex; Electrolytes,Under $50,3–5 years,Recovering from illness or injury,Intentional - I research before trying,Somewhat - I make choices with longevity in mind,"Caloric restriction / time-restricted eating; NAD+ boosting (NMN, NR, IV NAD+)",I just want to feel good now,4,4,"Blue light blocking glasses; Mouth taping; Magnesium before bed; Blackout curtains / sleep mask; White noise / sound machine; Consistent sleep schedule; Red light in evening; No screens 1+ hour before bed; Other: ear plugs, nasal dilator, peppermint essential oil, saline nose spray",I don't actively focus on it,Focus & concentration,"Zone 2 cardio (walking, easy jogging, cycling)",Blood pressure monitor,2–3 times per year,"Inflammation markers (CRP, homocysteine); Complete metabolic panel; Liver enzymes (ALT, AST)","$500–$2,000",YouTube channels; Reddit / online forums; Books,Occasionally with close friends / family,Other,Carnivore or animal-based,55–64,Male,United States
2026-03-07,Grounding / earthing,Magnesium; Vitamin D3 + K2; Omega-3 / fish oil; B vitamins / methylated B complex; Curcumin / turmeric,$150–$300,Less than 1 year,Longevity / healthspan,Casual - I try things I hear about,Somewhat - I make choices with longevity in mind,VO2 max training,80–90 healthy years,7,6,Magnesium before bed,"Basic - coffee, exercise, good sleep",Neuroprotection / brain longevity,"Zone 2 cardio (walking, easy jogging, cycling)",Apple Watch / Garmin / Fitbit,Once a year (annual physical),Standard lipid panel; Fasting glucose / HbA1c,$100–$500,YouTube channels,Occasionally with close friends / family,Cost / budget,No specific diet,65+,Male,Asia / Pacific
2026-03-14,"Heat therapy (sauna, hot tubs); Red/near-infrared light therapy; Breathwork (Wim Hof, box breathing, etc.); Meditation / mindfulness",,,,,,,,,,,"Temperature regulation (Eight Sleep, ChiliPad, etc.); Magnesium before bed; Blackout curtains / sleep mask; Sleep supplements (glycine, apigenin, L-theanine, etc.); Consistent sleep schedule; Red light in evening",I don't actively focus on it,Neuroprotection / brain longevity,"Zone 2 cardio (walking, easy jogging, cycling)",,Never / rarely,"Thyroid (TSH, T3, T4); Heavy metals / toxins; Nutrient levels (RBC magnesium, zinc, etc.); Other: adrenal",$100–$500,"Podcasts (Huberman, Attia, Asprey, etc.); YouTube channels; Books; Newsletters / Substack",Regularly - I'm the “health person” in my circle,Consistency / discipline,,,,
2026-03-07,"Heat therapy (sauna, hot tubs); Red/near-infrared light therapy; Hormone optimization (TRT, HGH, thyroid)","Magnesium; Vitamin D3 + K2; Omega-3 / fish oil; Creatine; Adaptogens (ashwagandha, rhodiola, etc.); Probiotics / prebiotics; NAD+ precursors (NMN, NR); Collagen; CoQ10 / ubiquinol; Amino acids (EAAs, BCAAs, glycine)",$150–$300,3–5 years,Longevity / healthspan,Intentional - I research before trying,Somewhat - I make choices with longevity in mind,"NAD+ boosting (NMN, NR, IV NAD+)",I just want to feel good now,7,6,"Sleep tracker (Oura, Whoop, Apple Watch, etc.); Mouth taping; Magnesium before bed; Blackout curtains / sleep mask; White noise / sound machine; Sleep supplements (glycine, apigenin, L-theanine, etc.)","Basic - coffee, exercise, good sleep",Mood & emotional regulation,Strength training,Oura Ring; Air quality monitor,2–3 times per year,"Standard lipid panel; Fasting glucose / HbA1c; Testosterone / hormones; Thyroid (TSH, T3, T4); Vitamin D levels","$500–$2,000","Podcasts (Huberman, Attia, Asprey, etc.); Practitioners / health coaches",Occasionally with close friends / family,Side effects / safety concerns,Carnivore or animal-based,65+,Female,United States
2026-04-29,"Peptide therapy; Blue light blocking; Sleep optimization (devices, protocols)","Magnesium; Vitamin D3 + K2; Omega-3 / fish oil; Creatine; Adaptogens (ashwagandha, rhodiola, etc.); Probiotics / prebiotics; NAD+ precursors (NMN, NR); Collagen; B vitamins / methylated B complex; CoQ10 / ubiquinol; Curcumin / turmeric; Zinc; Electrolytes; Amino acids (EAAs, BCAAs, glycine); Specialty compounds (rapamycin, metformin, etc.)","$500–$1,000",1–2 years,General wellness / prevention,Intentional - I research before trying,Somewhat - I make choices with longevity in mind,"Caloric restriction / time-restricted eating; NAD+ boosting (NMN, NR, IV NAD+); Senolytics (fisetin, dasatinib + quercetin); Strength training for longevity",100+ healthy years,3,,,,,,,,,,,,,,,,
2026-03-21,"Heat therapy (sauna, hot tubs); Red/near-infrared light therapy; Nootropics / smart drugs; EMF mitigation; Fasting (intermittent, extended, etc.); Sleep optimization (devices, protocols); Hormone optimization (TRT, HGH, thyroid)","Magnesium; Adaptogens (ashwagandha, rhodiola, etc.); NAD+ precursors (NMN, NR); Amino acids (EAAs, BCAAs, glycine)","$500–$1,000",5–10 years,Longevity / healthspan,Systematic - I track outcomes and iterate,Yes - it's a core focus of my lifestyle,"Caloric restriction / time-restricted eating; Rapamycin or mTOR modulators; NAD+ boosting (NMN, NR, IV NAD+); Senolytics (fisetin, dasatinib + quercetin); Telomere support; Stem cell enhancement (therapy, exosomes, activation); Ozone therapy; Biological age testing (TruAge, GlycanAge, etc.); VO2 max training; Zone 2 cardio; Strength training for longevity; Dental / oral microbiome optimization",Maximum possible - longevity escape velocity,10,,"Sleep tracker (Oura, Whoop, Apple Watch, etc.); Blue light blocking glasses; Magnesium before bed; Sleep supplements (glycine, apigenin, L-theanine, etc.); Consistent sleep schedule; No screens 1+ hour before bed","Moderate - nootropics, brain training, or meditation",Neuroprotection / brain longevity,"Zone 2 cardio (walking, easy jogging, cycling)","Oura Ring; RingConn; Continuous glucose monitor (CGM); Muse / neurofeedback headband; HRV sensor (Elite HRV, Polar, etc.); Pulse oximeter; Smart scale (body comp); Air quality monitor",Quarterly or more,"I track 100+ (select all); Standard lipid panel; Fasting glucose / HbA1c; Testosterone / hormones; Thyroid (TSH, T3, T4); Vitamin D levels; Inflammation markers (CRP, homocysteine); Complete metabolic panel; Liver enzymes (ALT, AST); Biological age markers (epigenetic clocks); Microbiome / gut health testing; Heavy metals / toxins; Nutrient levels (RBC magnesium, zinc, etc.)","$10,000+","Podcasts (Huberman, Attia, Asprey, etc.); YouTube channels; Reddit / online forums; X (Twitter); Instagram; Books; Scientific journals / PubMed; Newsletters / Substack; Conferences (Biohacking Conference, A4M, etc.); Local meetups / communities; Practitioners / health coaches","Actively - I post content, coach, or consult",Information overload - too many options,Whole foods / seasonal,35–44,Male,United States
2026-03-14,"Heat therapy (sauna, hot tubs); Red/near-infrared light therapy; Nootropics / smart drugs; Peptide therapy; IV/injection therapy; Blue light blocking; EMF mitigation; Fasting (intermittent, extended, etc.); Hormone optimization (TRT, HGH, thyroid)","Magnesium; Vitamin D3 + K2; Omega-3 / fish oil; Adaptogens (ashwagandha, rhodiola, etc.); Probiotics / prebiotics; NAD+ precursors (NMN, NR); Collagen; B vitamins / methylated B complex; CoQ10 / ubiquinol; Zinc; Electrolytes; Amino acids (EAAs, BCAAs, glycine); Specialty compounds (rapamycin, metformin, etc.)","$1,000+",3–5 years,Longevity / healthspan,Intentional - I research before trying,Yes - it's a core focus of my lifestyle,"Caloric restriction / time-restricted eating; NAD+ boosting (NMN, NR, IV NAD+); Senolytics (fisetin, dasatinib + quercetin); Telomere support; Strength training for longevity",100+ healthy years,8,5,"Sleep tracker (Oura, Whoop, Apple Watch, etc.); Blue light blocking glasses; Magnesium before bed; Sleep supplements (glycine, apigenin, L-theanine, etc.)","Advanced - stacking protocols, neurofeedback, or peptides",Neuroprotection / brain longevity,Hybrid (strength + cardio mix),Oura Ring; Apple Watch / Garmin / Fitbit; Blood pressure monitor; Smart scale (body comp),2–3 times per year,"Testosterone / hormones; Thyroid (TSH, T3, T4); Vitamin D levels; Inflammation markers (CRP, homocysteine); Liver enzymes (ALT, AST)","$500–$2,000","Podcasts (Huberman, Attia, Asprey, etc.); YouTube channels; Books; Newsletters / Substack; Conferences (Biohacking Conference, A4M, etc.); Local meetups / communities; Practitioners / health coaches",Regularly - I'm the “health person” in my circle,Cost / budget,Caloric restriction focused,55–64,Male,Europe
2026-03-17,呼吸練習（維姆·霍夫呼吸法、箱式呼吸法等）; 冥想/正念; 睡眠優化（設備、方​​案）,鎂; 維生素D3 + K2; Omega-3/魚油; 肌酸; 適應原（南非醉茄、紅景天等）; 益生菌/益生元; NAD+ 前身（NMN、NR）; 膠原; B群維生素/甲基化B群維生素; 猴頭菇/藥用菇; 鋅; 胺基酸（必需胺基酸、支鏈胺基酸、甘胺酸）,$50–$150,1–2 years,Curiosity / self-experimentation,Systematic - I track outcomes and iterate,Somewhat - I make choices with longevity in mind,NAD+ 增強（NMN、NR、IV NAD+）; 衰老細胞清除劑（非瑟酮、達沙替尼+槲皮素）,80–90 healthy years,8,8,睡前服用鎂劑; 睡眠補充劑（甘氨酸、芹菜素、L-茶氨酸等）; 規律的睡眠時間,"Basic - coffee, exercise, good sleep",Mood & emotional regulation,I don't exercise regularly,空氣品質監測,Never / rarely,標準血脂檢測; 空腹血糖/糖化血紅素,Under $100,Reddit / 線上論壇; 其他,Occasionally with close friends / family,Cost / budget,Carnivore or animal-based,25–34,Female,Asia / Pacific
2026-03-07,"Heat therapy (sauna, hot tubs); Red/near-infrared light therapy; Meditation / mindfulness; Fasting (intermittent, extended, etc.); Sleep optimization (devices, protocols)","Magnesium; Vitamin D3 + K2; Omega-3 / fish oil; Creatine; Adaptogens (ashwagandha, rhodiola, etc.); Probiotics / prebiotics; NAD+ precursors (NMN, NR); B vitamins / methylated B complex; CoQ10 / ubiquinol; Lion's mane / medicinal mushrooms; Curcumin / turmeric; Zinc; Electrolytes; Amino acids (EAAs, BCAAs, glycine)",$150–$300,5–10 years,Longevity / healthspan,Systematic - I track outcomes and iterate,Somewhat - I make choices with longevity in mind,"Caloric restriction / time-restricted eating; NAD+ boosting (NMN, NR, IV NAD+); Senolytics (fisetin, dasatinib + quercetin); Zone 2 cardio; Strength training for longevity",Maximum possible - longevity escape velocity,9,8,"Sleep tracker (Oura, Whoop, Apple Watch, etc.); Temperature regulation (Eight Sleep, ChiliPad, etc.); Mouth taping; Magnesium before bed; Blackout curtains / sleep mask; White noise / sound machine; Sleep supplements (glycine, apigenin, L-theanine, etc.); CBD / THC for sleep; Consistent sleep schedule; Red light in evening","Basic - coffee, exercise, good sleep",Processing speed,Strength training,Whoop; Apple Watch / Garmin / Fitbit; Continuous glucose monitor (CGM); Blood pressure monitor; Smart scale (body comp); Air quality monitor,2–3 times per year,"Standard lipid panel; Fasting glucose / HbA1c; Testosterone / hormones; Thyroid (TSH, T3, T4); Vitamin D levels; Inflammation markers (CRP, homocysteine); Complete metabolic panel; Liver enzymes (ALT, AST); Microbiome / gut health testing; Nutrient levels (RBC magnesium, zinc, etc.)","$500–$2,000","Podcasts (Huberman, Attia, Asprey, etc.); Reddit / online forums; Books; Scientific journals / PubMed; Newsletters / Substack",Regularly - I'm the “health person” in my circle,Cost / budget,Mediterranean,35–44,Male,United States
2026-03-07,"Heat therapy (sauna, hot tubs); Red/near-infrared light therapy; Breathwork (Wim Hof, box breathing, etc.); Peptide therapy; Fasting (intermittent, extended, etc.); Sleep optimization (devices, protocols)","Magnesium; Vitamin D3 + K2; Omega-3 / fish oil; Creatine; B vitamins / methylated B complex; Electrolytes; Amino acids (EAAs, BCAAs, glycine)",$300–$500,10+ years,Appearance / body composition,Intentional - I research before trying,Yes - it's a core focus of my lifestyle,Caloric restriction / time-restricted eating; Strength training for longevity,I just want to feel good now,8,8,"Sleep tracker (Oura, Whoop, Apple Watch, etc.); Magnesium before bed; Blackout curtains / sleep mask","Basic - coffee, exercise, good sleep",Memory & recall,Strength training,Oura Ring; Apple Watch / Garmin / Fitbit; Smart scale (body comp),2–3 times per year,"Standard lipid panel; Fasting glucose / HbA1c; Testosterone / hormones; Thyroid (TSH, T3, T4); Vitamin D levels; Inflammation markers (CRP, homocysteine); Complete metabolic panel","$500–$2,000","Podcasts (Huberman, Attia, Asprey, etc.); YouTube channels; Reddit / online forums; Books; Scientific journals / PubMed; Newsletters / Substack",Occasionally with close friends / family,Time / lifestyle constraints,Mediterranean,55–64,Male,Europe
2026-03-08,"Meditation / mindfulness; Nootropics / smart drugs; Grounding / earthing; Blue light blocking; Sleep optimization (devices, protocols); HRV training / biofeedback; Hormone optimization (TRT, HGH, thyroid)","Magnesium; Vitamin D3 + K2; Omega-3 / fish oil; Creatine; Adaptogens (ashwagandha, rhodiola, etc.); NAD+ precursors (NMN, NR); Electrolytes; Amino acids (EAAs, BCAAs, glycine)",$300–$500,1–2 years,Peak mental performance,Intentional - I research before trying,Somewhat - I make choices with longevity in mind,"NAD+ boosting (NMN, NR, IV NAD+); Senolytics (fisetin, dasatinib + quercetin); Strength training for longevity",I just want to feel good now,8,5,"Sleep tracker (Oura, Whoop, Apple Watch, etc.); Blue light blocking glasses; Mouth taping; Magnesium before bed; White noise / sound machine; Sleep supplements (glycine, apigenin, L-theanine, etc.)","Advanced - stacking protocols, neurofeedback, or peptides",Mood & emotional regulation,"Zone 2 cardio (walking, easy jogging, cycling)",Apple Watch / Garmin / Fitbit; Pulse oximeter,2–3 times per year,"Testosterone / hormones; Thyroid (TSH, T3, T4)",$100–$500,"Podcasts (Huberman, Attia, Asprey, etc.); YouTube channels; Reddit / online forums; X (Twitter); Instagram; Books; Newsletters / Substack",Occasionally with close friends / family,Not knowing what actually works,No specific diet,45–54,Male,United States
2026-03-20,"Red/near-infrared light therapy; Nootropics / smart drugs; Grounding / earthing; Blue light blocking; Fasting (intermittent, extended, etc.); Hormone optimization (TRT, HGH, thyroid)","Magnesium; Vitamin D3 + K2; Omega-3 / fish oil; Creatine; Adaptogens (ashwagandha, rhodiola, etc.); Probiotics / prebiotics; NAD+ precursors (NMN, NR); Collagen; B vitamins / methylated B complex; CoQ10 / ubiquinol; Lion's mane / medicinal mushrooms; Curcumin / turmeric; Electrolytes; Other: Daily elements, green powders cbd, mushroom drinks",$300–$500,5–10 years,Longevity / healthspan,Intentional - I research before trying,Yes - it's a core focus of my lifestyle,"Caloric restriction / time-restricted eating; NAD+ boosting (NMN, NR, IV NAD+); Senolytics (fisetin, dasatinib + quercetin); Zone 2 cardio; Strength training for longevity",Maximum possible - longevity escape velocity,7,7,"Sleep tracker (Oura, Whoop, Apple Watch, etc.); Blue light blocking glasses; Magnesium before bed; Blackout curtains / sleep mask; Sleep supplements (glycine, apigenin, L-theanine, etc.); CBD / THC for sleep; Consistent sleep schedule; No screens 1+ hour before bed; Grounding / earthing sheet","Basic - coffee, exercise, good sleep",Focus & concentration,"Zone 2 cardio (walking, easy jogging, cycling)",Oura Ring; Apple Watch / Garmin / Fitbit,Once a year (annual physical),"Complete metabolic panel; Liver enzymes (ALT, AST)",$100–$500,"Podcasts (Huberman, Attia, Asprey, etc.); YouTube channels; Reddit / online forums",Regularly - I'm the “health person” in my circle,Cost / budget,Plant-based or vegan,55–64,Female,United States
2026-03-07,"Nootropics / smart drugs; Peptide therapy; Blue light blocking; Fasting (intermittent, extended, etc.); Sleep optimization (devices, protocols); Hormone optimization (TRT, HGH, thyroid)","Magnesium; Vitamin D3 + K2; Omega-3 / fish oil; Creatine; Adaptogens (ashwagandha, rhodiola, etc.); B vitamins / methylated B complex; CoQ10 / ubiquinol; Lion's mane / medicinal mushrooms; Curcumin / turmeric; Zinc; Electrolytes; Amino acids (EAAs, BCAAs, glycine)",$300–$500,3–5 years,Longevity / healthspan,Systematic - I track outcomes and iterate,Somewhat - I make choices with longevity in mind,"Caloric restriction / time-restricted eating; Senolytics (fisetin, dasatinib + quercetin); Biological age testing (TruAge, GlycanAge, etc.); VO2 max training; Zone 2 cardio; Strength training for longevity",Maximum possible - longevity escape velocity,7,6,"Sleep tracker (Oura, Whoop, Apple Watch, etc.); Blue light blocking glasses; Temperature regulation (Eight Sleep, ChiliPad, etc.); Magnesium before bed; White noise / sound machine; Sleep supplements (glycine, apigenin, L-theanine, etc.)","Advanced - stacking protocols, neurofeedback, or peptides",Neuroprotection / brain longevity,Hybrid (strength + cardio mix),Apple Watch / Garmin / Fitbit; Smart scale (body comp),Quarterly or more,"Standard lipid panel; Fasting glucose / HbA1c; Testosterone / hormones; Thyroid (TSH, T3, T4); Vitamin D levels; Inflammation markers (CRP, homocysteine); Complete metabolic panel; Liver enzymes (ALT, AST)",$100–$500,"Podcasts (Huberman, Attia, Asprey, etc.)",Occasionally with close friends / family,Cost / budget,Carnivore or animal-based,65+,Male,United States
2026-03-16,"Cold exposure (ice baths, cold showers, cryo); Heat therapy (sauna, hot tubs); Breathwork (Wim Hof, box breathing, etc.); Meditation / mindfulness; Grounding / earthing; Sleep optimization (devices, protocols)","Magnesium; Vitamin D3 + K2; Omega-3 / fish oil; Creatine; Adaptogens (ashwagandha, rhodiola, etc.); NAD+ precursors (NMN, NR); Collagen",$50–$150,Less than 1 year,Curiosity / self-experimentation,Intentional - I research before trying,Somewhat - I make choices with longevity in mind,Strength training for longevity,80–90 healthy years,6,5,"Sleep tracker (Oura, Whoop, Apple Watch, etc.); Magnesium before bed; Blackout curtains / sleep mask; Sleep supplements (glycine, apigenin, L-theanine, etc.); Consistent sleep schedule; No screens 1+ hour before bed; Other: weight blanket","Moderate - nootropics, brain training, or meditation",Mood & emotional regulation,Hybrid (strength + cardio mix),"Apple Watch / Garmin / Fitbit; HRV sensor (Elite HRV, Polar, etc.)",Once a year (annual physical),"Standard lipid panel; Fasting glucose / HbA1c; Testosterone / hormones; Thyroid (TSH, T3, T4); Vitamin D levels; Inflammation markers (CRP, homocysteine); Liver enzymes (ALT, AST); Nutrient levels (RBC magnesium, zinc, etc.)",$100–$500,"Podcasts (Huberman, Attia, Asprey, etc.); YouTube channels; Books",Regularly - I'm the “health person” in my circle,Cost / budget,No specific diet,45–54,Female,Europe
2026-03-18,"Meditation / mindfulness; Peptide therapy; Blue light blocking; Fasting (intermittent, extended, etc.)","Magnesium; NAD+ precursors (NMN, NR); Collagen; Electrolytes; Amino acids (EAAs, BCAAs, glycine)",$150–$300,3–5 years,General wellness / prevention,Systematic - I track outcomes and iterate,Somewhat - I make choices with longevity in mind,"Caloric restriction / time-restricted eating; NAD+ boosting (NMN, NR, IV NAD+); Dental / oral microbiome optimization",Maximum possible - longevity escape velocity,7,5,"Sleep tracker (Oura, Whoop, Apple Watch, etc.); Mouth taping; Blackout curtains / sleep mask; White noise / sound machine; Consistent sleep schedule","Basic - coffee, exercise, good sleep",Focus & concentration,Strength training,Apple Watch / Garmin / Fitbit; Smart scale (body comp),Once a year (annual physical),"Fasting glucose / HbA1c; Thyroid (TSH, T3, T4); Nutrient levels (RBC magnesium, zinc, etc.)","$500–$2,000","Podcasts (Huberman, Attia, Asprey, etc.); Instagram; Practitioners / health coaches",Regularly - I'm the “health person” in my circle,Consistency / discipline,Carnivore or animal-based,35–44,Female,Asia / Pacific
2026-03-08,"Heat therapy (sauna, hot tubs); Red/near-infrared light therapy; Meditation / mindfulness; Nootropics / smart drugs; Peptide therapy; Sleep optimization (devices, protocols); HRV training / biofeedback","Magnesium; Vitamin D3 + K2; Omega-3 / fish oil; Creatine; Probiotics / prebiotics; Collagen; B vitamins / methylated B complex; CoQ10 / ubiquinol; Curcumin / turmeric; Amino acids (EAAs, BCAAs, glycine)",$50–$150,1–2 years,General wellness / prevention,Systematic - I track outcomes and iterate,Somewhat - I make choices with longevity in mind,Caloric restriction / time-restricted eating; Strength training for longevity,80–90 healthy years,6,6,"Sleep tracker (Oura, Whoop, Apple Watch, etc.); Magnesium before bed; Blackout curtains / sleep mask; Consistent sleep schedule","Moderate - nootropics, brain training, or meditation",Memory & recall,Hybrid (strength + cardio mix),Apple Watch / Garmin / Fitbit,2–3 times per year,Standard lipid panel; Fasting glucose / HbA1c,$100–$500,"Podcasts (Huberman, Attia, Asprey, etc.); Newsletters / Substack; Other",Occasionally with close friends / family,Not knowing what actually works,Caloric restriction focused,65+,Male,United States
2026-03-07,"Red/near-infrared light therapy; Breathwork (Wim Hof, box breathing, etc.); Peptide therapy; Grounding / earthing; EMF mitigation; Fasting (intermittent, extended, etc.)","Magnesium; Vitamin D3 + K2; Creatine; Adaptogens (ashwagandha, rhodiola, etc.); Zinc; Amino acids (EAAs, BCAAs, glycine); Other: ginseng, red maca, spiralina, lycopene, beta sitasterol, moringa",$50–$150,3–5 years,Physical performance / athletics,Intentional - I research before trying,Somewhat - I make choices with longevity in mind,"Senolytics (fisetin, dasatinib + quercetin); Stem cell therapy; Strength training for longevity",I just want to feel good now,3,6,Magnesium before bed; White noise / sound machine; Consistent sleep schedule,I don't actively focus on it,Processing speed,Sports or recreational activity,Other: none,Once a year (annual physical),"Liver enzymes (ALT, AST)","$500–$2,000",Other: Outliyr Nick!,Regularly - I'm the “health person” in my circle,Information overload - too many options,Mediterranean,65+,Male,United States
2026-03-07,Red/near-infrared light therapy,"Magnesium; Vitamin D3 + K2; Probiotics / prebiotics; NAD+ precursors (NMN, NR); B vitamins / methylated B complex; Zinc",$150–$300,3–5 years,Recovering from illness or injury,Casual - I try things I hear about,Somewhat - I make choices with longevity in mind,"Senolytics (fisetin, dasatinib + quercetin)",I just want to feel good now,7,3,Mouth taping; Magnesium before bed; Blackout curtains / sleep mask,I don't actively focus on it,Neuroprotection / brain longevity,I don't exercise regularly,Blood pressure monitor; Other,2–3 times per year,"Fasting glucose / HbA1c; Testosterone / hormones; Thyroid (TSH, T3, T4); Vitamin D levels; Liver enzymes (ALT, AST)","$2,000–$5,000","Podcasts (Huberman, Attia, Asprey, etc.); YouTube channels",Occasionally with close friends / family,Cost / budget,No specific diet,45–54,Female,Asia / Pacific
2026-03-14,"Red/near-infrared light therapy; Meditation / mindfulness; Nootropics / smart drugs; Blue light blocking; Fasting (intermittent, extended, etc.); Sleep optimization (devices, protocols); Other: Vagal, Neuro, etc.","Magnesium; Vitamin D3 + K2; Omega-3 / fish oil; Creatine; Adaptogens (ashwagandha, rhodiola, etc.); Probiotics / prebiotics; NAD+ precursors (NMN, NR); CoQ10 / ubiquinol; Curcumin / turmeric; Electrolytes; Other: Several","$500–$1,000",3–5 years,Longevity / healthspan,Systematic - I track outcomes and iterate,Yes - it's a core focus of my lifestyle,"Caloric restriction / time-restricted eating; NAD+ boosting (NMN, NR, IV NAD+); Senolytics (fisetin, dasatinib + quercetin); Biological age testing (TruAge, GlycanAge, etc.); VO2 max training; Strength training for longevity; Dental / oral microbiome optimization",I just want to feel good now,8,8,"Sleep tracker (Oura, Whoop, Apple Watch, etc.); Blue light blocking glasses; Temperature regulation (Eight Sleep, ChiliPad, etc.); Magnesium before bed; Blackout curtains / sleep mask; Sleep supplements (glycine, apigenin, L-theanine, etc.); Consistent sleep schedule; Red light in evening","Moderate - nootropics, brain training, or meditation",Mood & emotional regulation,Hybrid (strength + cardio mix),"Oura Ring; Apple Watch / Garmin / Fitbit; Continuous glucose monitor (CGM); Eight Sleep / sleep temp device; Muse / neurofeedback headband; HRV sensor (Elite HRV, Polar, etc.); Blood pressure monitor; Pulse oximeter; Smart scale (body comp); Air quality monitor; Other: Many more",Once a year (annual physical),"Standard lipid panel; Fasting glucose / HbA1c; Testosterone / hormones; Thyroid (TSH, T3, T4); Vitamin D levels; Inflammation markers (CRP, homocysteine); Complete metabolic panel; Liver enzymes (ALT, AST); Biological age markers (epigenetic clocks); Microbiome / gut health testing; Heavy metals / toxins; Nutrient levels (RBC magnesium, zinc, etc.)","$2,000–$5,000","Podcasts (Huberman, Attia, Asprey, etc.); YouTube channels; Reddit / online forums; Scientific journals / PubMed; Newsletters / Substack; Conferences (Biohacking Conference, A4M, etc.)","Actively - I post content, coach, or consult",Information overload - too many options,Mediterranean,25–34,Male,Europe
2026-04-29,"Cold exposure (ice baths, cold showers, cryo); Heat therapy (sauna, hot tubs); Red/near-infrared light therapy; Peptide therapy; Blue light blocking",Magnesium,$50–$150,3–5 years,Peak mental performance,Intentional - I research before trying,"No, not really",Zone 2 cardio,100+ healthy years,8,6,,,,,,,,,,,,,,,
2026-05-10,"Cold exposure (ice baths, cold showers, cryo); Heat therapy (sauna, hot tubs)",Electrolytes,$50–$150,3–5 years,Appearance / body composition,Intentional - I research before trying,Somewhat - I make choices with longevity in mind,"Biological age testing (TruAge, GlycanAge, etc.); Strength training for longevity",I just want to feel good now,8,7,CBD / THC for sleep,I don't actively optimize cognition,,Strength training,Apple Watch / Garmin / Fitbit,Once a year (annual physical),Biological age markers (epigenetic clocks),$100–$500,"Podcasts (Huberman, Attia, Asprey, etc.)",,Lack of personalized guidance,No specific diet,35–44,Male,Asia / Pacific
2026-03-19,Peptide therapy,"Magnesium; Adaptogens (ashwagandha, rhodiola, etc.); Probiotics / prebiotics; Collagen; Other",Under $50,Less than 1 year,Appearance / body composition,Casual - I try things I hear about,Somewhat - I make choices with longevity in mind,Caloric restriction / time-restricted eating,I just want to feel good now,6,8,Magnesium before bed,I don't actively focus on it,Mood & emotional regulation,I don't exercise regularly,Other: None,Once a year (annual physical),Fasting glucose / HbA1c,Under $100,YouTube channels; Practitioners / health coaches,Occasionally with close friends / family,Consistency / discipline,No specific diet,18–24,Female,Asia / Pacific
2026-03-07,"Breathwork (Wim Hof, box breathing, etc.); Meditation / mindfulness","Omega-3 / fish oil; Adaptogens (ashwagandha, rhodiola, etc.); Probiotics / prebiotics; Curcumin / turmeric",Under $50,3–5 years,General wellness / prevention,Casual - I try things I hear about,Somewhat - I make choices with longevity in mind,,80–90 healthy years,2,5,,"Basic - coffee, exercise, good sleep",Focus & concentration,Yoga or mobility work,,2–3 times per year,Standard lipid panel; Fasting glucose / HbA1c,Under $100,Newsletters / Substack,Never - I keep it to myself,Not knowing what actually works,Mediterranean,65+,Male,United States
2026-03-07,"Red/near-infrared light therapy; Meditation / mindfulness; Blue light blocking; EMF mitigation; Fasting (intermittent, extended, etc.); Sleep optimization (devices, protocols)","Magnesium; Vitamin D3 + K2; Omega-3 / fish oil; Adaptogens (ashwagandha, rhodiola, etc.); Probiotics / prebiotics; Collagen; B vitamins / methylated B complex; CoQ10 / ubiquinol; Lion's mane / medicinal mushrooms; Curcumin / turmeric; Zinc",$50–$150,3–5 years,General wellness / prevention,Intentional - I research before trying,,,I just want to feel good now,5,,,,,,,,"Liver enzymes (ALT, AST)",Under $100,Books; Newsletters / Substack; Practitioners / health coaches,Occasionally with close friends / family,Information overload - too many options,Caloric restriction focused,65+,Male,United States
2026-03-07,"Breathwork (Wim Hof, box breathing, etc.); Meditation / mindfulness; Nootropics / smart drugs; Fasting (intermittent, extended, etc.)","Magnesium; Vitamin D3 + K2; Omega-3 / fish oil; Creatine; Adaptogens (ashwagandha, rhodiola, etc.); Probiotics / prebiotics; NAD+ precursors (NMN, NR); Collagen; B vitamins / methylated B complex; CoQ10 / ubiquinol; Curcumin / turmeric; Zinc; Amino acids (EAAs, BCAAs, glycine)",$50–$150,5–10 years,Longevity / healthspan,Casual - I try things I hear about,Somewhat - I make choices with longevity in mind,"Caloric restriction / time-restricted eating; NAD+ boosting (NMN, NR, IV NAD+); Ozone therapy; Strength training for longevity",100+ healthy years,9,7,"Sleep tracker (Oura, Whoop, Apple Watch, etc.); Magnesium before bed; Consistent sleep schedule","Moderate - nootropics, brain training, or meditation",Memory & recall,"Zone 2 cardio (walking, easy jogging, cycling)",Apple Watch / Garmin / Fitbit; Blood pressure monitor,2–3 times per year,"Standard lipid panel; Fasting glucose / HbA1c; Thyroid (TSH, T3, T4); Vitamin D levels; Complete metabolic panel",$100–$500,"Podcasts (Huberman, Attia, Asprey, etc.); X (Twitter); Newsletters / Substack",Occasionally with close friends / family,Lack of personalized guidance,Intermittent fasting focused,65+,Female,United States
2026-03-31,"Cold exposure (ice baths, cold showers, cryo); Heat therapy (sauna, hot tubs); Breathwork (Wim Hof, box breathing, etc.); Meditation / mindfulness; Sleep optimization (devices, protocols)",Magnesium; Vitamin D3 + K2; Creatine; Electrolytes,$50–$150,5–10 years,General wellness / prevention,Intentional - I research before trying,Somewhat - I make choices with longevity in mind,Caloric restriction / time-restricted eating; VO2 max training; Zone 2 cardio; Strength training for longevity,Maximum possible - longevity escape velocity,10,8,Magnesium before bed; Blackout curtains / sleep mask; White noise / sound machine; No screens 1+ hour before bed,"Basics - sleep, exercise, caffeine",,HIIT,Apple Watch / Garmin / Fitbit,,,,,,,,,,
2026-03-09,"Cold exposure (ice baths, cold showers, cryo); Heat therapy (sauna, hot tubs); Red/near-infrared light therapy; Breathwork (Wim Hof, box breathing, etc.); Meditation / mindfulness; Nootropics / smart drugs; Peptide therapy; Grounding / earthing; Blue light blocking; Sleep optimization (devices, protocols); HRV training / biofeedback; Hormone optimization (TRT, HGH, thyroid)","Magnesium; Vitamin D3 + K2; Omega-3 / fish oil; Creatine; Adaptogens (ashwagandha, rhodiola, etc.); Probiotics / prebiotics; Collagen; B vitamins / methylated B complex; CoQ10 / ubiquinol; Curcumin / turmeric; Zinc; Electrolytes; Amino acids (EAAs, BCAAs, glycine)","$500–$1,000",1–2 years,Physical performance / athletics,Systematic - I track outcomes and iterate,Yes - it's a core focus of my lifestyle,Caloric restriction / time-restricted eating; Rapamycin or mTOR modulators; Telomere support; VO2 max training; Zone 2 cardio; Strength training for longevity,100+ healthy years,10,9,"Sleep tracker (Oura, Whoop, Apple Watch, etc.); Blue light blocking glasses; Temperature regulation (Eight Sleep, ChiliPad, etc.); Magnesium before bed; White noise / sound machine; Sleep supplements (glycine, apigenin, L-theanine, etc.); Consistent sleep schedule; No screens 1+ hour before bed","Advanced - stacking protocols, neurofeedback, or peptides",Mood & emotional regulation,Hybrid (strength + cardio mix),Apple Watch / Garmin / Fitbit; Blood pressure monitor,2–3 times per year,"Standard lipid panel; Fasting glucose / HbA1c; Testosterone / hormones; Vitamin D levels; Inflammation markers (CRP, homocysteine); Complete metabolic panel; Liver enzymes (ALT, AST); Nutrient levels (RBC magnesium, zinc, etc.)","$500–$2,000","Podcasts (Huberman, Attia, Asprey, etc.)",Occasionally with close friends / family,Time / lifestyle constraints,Keto or low-carb,55–64,Male,United States
2026-03-07,"Heat therapy (sauna, hot tubs); Peptide therapy; IV/injection therapy; Grounding / earthing; EMF mitigation; Sleep optimization (devices, protocols); Hormone optimization (TRT, HGH, thyroid)","Magnesium; Vitamin D3 + K2; Omega-3 / fish oil; Creatine; Adaptogens (ashwagandha, rhodiola, etc.); Probiotics / prebiotics; NAD+ precursors (NMN, NR); Collagen; B vitamins / methylated B complex; CoQ10 / ubiquinol; Lion's mane / medicinal mushrooms; Curcumin / turmeric; Zinc; Electrolytes; Amino acids (EAAs, BCAAs, glycine); Specialty compounds (rapamycin, metformin, etc.)","$500–$1,000",5–10 years,Longevity / healthspan,Professional - I advise others or work in the field,Yes - it's a core focus of my lifestyle,"Caloric restriction / time-restricted eating; NAD+ boosting (NMN, NR, IV NAD+); Senolytics (fisetin, dasatinib + quercetin); Ozone therapy; Zone 2 cardio; Strength training for longevity",80–90 healthy years,8,8,"Sleep tracker (Oura, Whoop, Apple Watch, etc.); Temperature regulation (Eight Sleep, ChiliPad, etc.); Mouth taping; Magnesium before bed; White noise / sound machine; Sleep supplements (glycine, apigenin, L-theanine, etc.); CBD / THC for sleep; Consistent sleep schedule","Basic - coffee, exercise, good sleep",Neuroprotection / brain longevity,Yoga or mobility work,Oura Ring,2–3 times per year,"Standard lipid panel; Fasting glucose / HbA1c; Testosterone / hormones; Thyroid (TSH, T3, T4); Vitamin D levels; Inflammation markers (CRP, homocysteine); Complete metabolic panel; Liver enzymes (ALT, AST); Microbiome / gut health testing; Heavy metals / toxins; Nutrient levels (RBC magnesium, zinc, etc.)","$2,000–$5,000","Podcasts (Huberman, Attia, Asprey, etc.); Books; Newsletters / Substack",Regularly - I'm the “health person” in my circle,Information overload - too many options,Intermittent fasting focused,65+,Female,United States
2026-03-07,"Hormone optimization (TRT, HGH, thyroid)",B vitamins / methylated B complex,"$500–$1,000",3–5 years,General wellness / prevention,Systematic - I track outcomes and iterate,Yes - it's a core focus of my lifestyle,Ozone therapy,Maximum possible - longevity escape velocity,7,,,"Advanced - stacking protocols, neurofeedback, or peptides",Neuroprotection / brain longevity,Sports or recreational activity,Blood pressure monitor,Once a year (annual physical),Heavy metals / toxins,"$5,000–$10,000","Podcasts (Huberman, Attia, Asprey, etc.)","Actively - I post content, coach, or consult",Information overload - too many options,,,Non-binary / other,
2026-05-15,"Red/near-infrared light therapy; Meditation / mindfulness; Sleep optimization (devices, protocols); Hormone optimization (TRT, HGH, thyroid)","Magnesium; Vitamin D3 + K2; Omega-3 / fish oil; Collagen; Lion's mane / medicinal mushrooms; Electrolytes; Other: Calcium, GABA",$50–$150,10+ years,,,,,,,,,,,,,,,,,,,,,,
2026-03-07,"Heat therapy (sauna, hot tubs); Red/near-infrared light therapy; Nootropics / smart drugs; Peptide therapy; EMF mitigation; Fasting (intermittent, extended, etc.); Sleep optimization (devices, protocols); Hormone optimization (TRT, HGH, thyroid); Other: Bimini Nanojet Oxygen therapy","Magnesium; Vitamin D3 + K2; Omega-3 / fish oil; Creatine; Probiotics / prebiotics; NAD+ precursors (NMN, NR); Collagen; B vitamins / methylated B complex; CoQ10 / ubiquinol; Electrolytes; Amino acids (EAAs, BCAAs, glycine); Other: Urolithin A, Glutathione","$500–$1,000",5–10 years,Physical performance / athletics,Intentional - I research before trying,Yes - it's a core focus of my lifestyle,"Caloric restriction / time-restricted eating; NAD+ boosting (NMN, NR, IV NAD+); Senolytics (fisetin, dasatinib + quercetin); Telomere support; Stem cell therapy; Biological age testing (TruAge, GlycanAge, etc.); VO2 max training; Zone 2 cardio; Strength training for longevity",100+ healthy years,10,8,"Sleep tracker (Oura, Whoop, Apple Watch, etc.); Mouth taping; Magnesium before bed; Blackout curtains / sleep mask; Grounding / earthing sheet","Advanced - stacking protocols, neurofeedback, or peptides",Focus & concentration,HIIT,Whoop,2–3 times per year,"Standard lipid panel; Testosterone / hormones; Thyroid (TSH, T3, T4); Vitamin D levels; Inflammation markers (CRP, homocysteine); Nutrient levels (RBC magnesium, zinc, etc.)","$10,000+","Podcasts (Huberman, Attia, Asprey, etc.); YouTube channels; Instagram; Practitioners / health coaches",Regularly - I'm the “health person” in my circle,Consistency / discipline,Intermittent fasting focused,55–64,Male,United States
2026-03-28,Nootropics / smart drugs; IV/injection therapy; EMF mitigation; HRV training / biofeedback,"Magnesium; Vitamin D3 + K2; Creatine; Adaptogens (ashwagandha, rhodiola, etc.)",$300–$500,3–5 years,Curiosity / self-experimentation,Casual - I try things I hear about,"No, not really",Strength training for longevity,I just want to feel good now,5,9,"Sleep tracker (Oura, Whoop, Apple Watch, etc.); Mouth taping; Consistent sleep schedule",I don't actively optimize cognition,,Sports or recreational activity,Oura Ring; Blood pressure monitor,Once a year (annual physical),"Standard lipid panel; Fasting glucose / HbA1c; Vitamin D levels; Inflammation markers (CRP, homocysteine); Complete metabolic panel; Liver enzymes (ALT, AST); Biological age markers (epigenetic clocks)","$500–$2,000",Books; Scientific journals / PubMed,,Not knowing what actually works,Whole foods / seasonal,35–44,Female,United States
2026-03-18,"Breathwork (Wim Hof, box breathing, etc.); Nootropics / smart drugs; Peptide therapy; Blue light blocking; EMF mitigation; Hormone optimization (TRT, HGH, thyroid)","Magnesium; Vitamin D3 + K2; Creatine; NAD+ precursors (NMN, NR); B vitamins / methylated B complex; Curcumin / turmeric; Zinc; Electrolytes; Amino acids (EAAs, BCAAs, glycine); Other: High Flavanol Cocoa and Flavanoids",$150–$300,1–2 years,Longevity / healthspan,Systematic - I track outcomes and iterate,Yes - it's a core focus of my lifestyle,"NAD+ boosting (NMN, NR, IV NAD+); Senolytics (fisetin, dasatinib + quercetin); Telomere support; Strength training for longevity",Maximum possible - longevity escape velocity,7,5,Magnesium before bed; Blackout curtains / sleep mask; White noise / sound machine,"Basic - coffee, exercise, good sleep",Neuroprotection / brain longevity,Strength training,Apple Watch / Garmin / Fitbit; Smart scale (body comp),Once a year (annual physical),Testosterone / hormones; Biological age markers (epigenetic clocks),$100–$500,"Podcasts (Huberman, Attia, Asprey, etc.); YouTube channels; Reddit / online forums; Instagram; Books; Scientific journals / PubMed; Newsletters / Substack",Regularly - I'm the “health person” in my circle,Cost / budget,Mediterranean,45–54,Male,United States
2026-03-07,"Heat therapy (sauna, hot tubs); Red/near-infrared light therapy; Meditation / mindfulness; Nootropics / smart drugs; Hormone optimization (TRT, HGH, thyroid)","Magnesium; Vitamin D3 + K2; Omega-3 / fish oil; Creatine; Adaptogens (ashwagandha, rhodiola, etc.); NAD+ precursors (NMN, NR); Collagen; B vitamins / methylated B complex; CoQ10 / ubiquinol; Electrolytes",$150–$300,5–10 years,Recovering from illness or injury,Intentional - I research before trying,Somewhat - I make choices with longevity in mind,"NAD+ boosting (NMN, NR, IV NAD+); Strength training for longevity",80–90 healthy years,6,,,,,,,,,,,,,,,,
2026-03-07,"Red/near-infrared light therapy; Fasting (intermittent, extended, etc.); Other: Hydrogen Inhalation","Magnesium; Zinc; Electrolytes; Amino acids (EAAs, BCAAs, glycine)",$150–$300,3–5 years,Recovering from illness or injury,Intentional - I research before trying,Somewhat - I make choices with longevity in mind,Caloric restriction / time-restricted eating,80–90 healthy years,6,7,White noise / sound machine; Consistent sleep schedule; Red light in evening,I don't actively focus on it,Memory & recall,I don't exercise regularly,,2–3 times per year,"Standard lipid panel; Fasting glucose / HbA1c; Testosterone / hormones; Vitamin D levels; Inflammation markers (CRP, homocysteine); Complete metabolic panel; Nutrient levels (RBC magnesium, zinc, etc.)","$2,000–$5,000","Podcasts (Huberman, Attia, Asprey, etc.); YouTube channels; Reddit / online forums",Regularly - I'm the “health person” in my circle,Not knowing what actually works,Carnivore or animal-based,35–44,Male,United States
2026-03-07,"Cold exposure (ice baths, cold showers, cryo); Heat therapy (sauna, hot tubs); Red/near-infrared light therapy; Breathwork (Wim Hof, box breathing, etc.); Meditation / mindfulness; Grounding / earthing; EMF mitigation; Fasting (intermittent, extended, etc.); Sleep optimization (devices, protocols)","Magnesium; Adaptogens (ashwagandha, rhodiola, etc.); Collagen; Lion's mane / medicinal mushrooms",$50–$150,5–10 years,General wellness / prevention,Intentional - I research before trying,Somewhat - I make choices with longevity in mind,Caloric restriction / time-restricted eating; Strength training for longevity,80–90 healthy years,7,8,"Sleep tracker (Oura, Whoop, Apple Watch, etc.); Consistent sleep schedule; Red light in evening","Basic - coffee, exercise, good sleep",Focus & concentration,"Zone 2 cardio (walking, easy jogging, cycling)",Other: E4L GEM,Once a year (annual physical),"Standard lipid panel; Inflammation markers (CRP, homocysteine); Nutrient levels (RBC magnesium, zinc, etc.)",$100–$500,"Podcasts (Huberman, Attia, Asprey, etc.); YouTube channels",Occasionally with close friends / family,Partner / family skepticism,Intermittent fasting focused,65+,Male,United States
2026-03-14,"Sleep optimization (devices, protocols); Hormone optimization (TRT, HGH, thyroid)","Magnesium; Vitamin D3 + K2; Omega-3 / fish oil; Adaptogens (ashwagandha, rhodiola, etc.); Probiotics / prebiotics; Collagen; Zinc; Electrolytes; Amino acids (EAAs, BCAAs, glycine); Specialty compounds (rapamycin, metformin, etc.)",Under $50,10+ years,Recovering from illness or injury,Intentional - I research before trying,Somewhat - I make choices with longevity in mind,"Senolytics (fisetin, dasatinib + quercetin); Telomere support",Maximum possible - longevity escape velocity,7,6,"Magnesium before bed; Blackout curtains / sleep mask; Sleep supplements (glycine, apigenin, L-theanine, etc.); Consistent sleep schedule","Moderate - nootropics, brain training, or meditation",Mood & emotional regulation,I don't exercise regularly,Other: do not use any,Quarterly or more,"Testosterone / hormones; Thyroid (TSH, T3, T4); Complete metabolic panel; Heavy metals / toxins",$100–$500,"Podcasts (Huberman, Attia, Asprey, etc.); YouTube channels; Books; Newsletters / Substack; Other: Websites",Occasionally with close friends / family,Consistency / discipline,Other,55–64,Male,United States
2026-03-07,"Red/near-infrared light therapy; Breathwork (Wim Hof, box breathing, etc.)",Vitamin D3 + K2; Probiotics / prebiotics; Curcumin / turmeric,Under $50,Less than 1 year,General wellness / prevention,Casual - I try things I hear about,"No, not really",Caloric restriction / time-restricted eating,I just want to feel good now,,5,Blackout curtains / sleep mask,"Basic - coffee, exercise, good sleep",Memory & recall,Yoga or mobility work,Apple Watch / Garmin / Fitbit,Once a year (annual physical),,Under $100,"Podcasts (Huberman, Attia, Asprey, etc.)",Never - I keep it to myself,Lack of personalized guidance,No specific diet,65+,Female,United States
2026-03-07,"Red/near-infrared light therapy; Breathwork (Wim Hof, box breathing, etc.)",Vitamin D3 + K2; Probiotics / prebiotics; Curcumin / turmeric,Under $50,Less than 1 year,General wellness / prevention,Casual - I try things I hear about,"No, not really",Caloric restriction / time-restricted eating,I just want to feel good now,,,,,,,,,,Under $100,"Podcasts (Huberman, Attia, Asprey, etc.)",Never - I keep it to myself,Lack of personalized guidance,No specific diet,65+,Female,
2026-03-20,"Cold exposure (ice baths, cold showers, cryo); Heat therapy (sauna, hot tubs); Red/near-infrared light therapy; Breathwork (Wim Hof, box breathing, etc.); Meditation / mindfulness; Nootropics / smart drugs; Peptide therapy; Grounding / earthing; Blue light blocking; EMF mitigation; Fasting (intermittent, extended, etc.); Sleep optimization (devices, protocols); HRV training / biofeedback","Magnesium; Vitamin D3 + K2; Creatine; Adaptogens (ashwagandha, rhodiola, etc.); Probiotics / prebiotics; NAD+ precursors (NMN, NR); Collagen; B vitamins / methylated B complex; CoQ10 / ubiquinol; Lion's mane / medicinal mushrooms; Electrolytes; Amino acids (EAAs, BCAAs, glycine); Specialty compounds (rapamycin, metformin, etc.)",$300–$500,10+ years,Professional advantage,Professional - I advise others or work in the field,Yes - it's a core focus of my lifestyle,"Caloric restriction / time-restricted eating; NAD+ boosting (NMN, NR, IV NAD+); Senolytics (fisetin, dasatinib + quercetin); Stem cell therapy; Ozone therapy; Biological age testing (TruAge, GlycanAge, etc.); Zone 2 cardio; Strength training for longevity; Dental / oral microbiome optimization",100+ healthy years,9,7,"Sleep tracker (Oura, Whoop, Apple Watch, etc.); Blue light blocking glasses; Temperature regulation (Eight Sleep, ChiliPad, etc.); Mouth taping; Magnesium before bed; Blackout curtains / sleep mask; Sleep supplements (glycine, apigenin, L-theanine, etc.); CBD / THC for sleep; Consistent sleep schedule; Red light in evening; No screens 1+ hour before bed; Grounding / earthing sheet","Advanced - stacking protocols, neurofeedback, or peptides",Creativity & flow states,Strength training,Oura Ring; Eight Sleep / sleep temp device,2–3 times per year,"Standard lipid panel; Fasting glucose / HbA1c; Testosterone / hormones; Thyroid (TSH, T3, T4); Vitamin D levels; Inflammation markers (CRP, homocysteine); Complete metabolic panel; Liver enzymes (ALT, AST); Biological age markers (epigenetic clocks); Microbiome / gut health testing; Heavy metals / toxins; Nutrient levels (RBC magnesium, zinc, etc.)",,,,,,,,
2026-03-28,"Red/near-infrared light therapy; Fasting (intermittent, extended, etc.)","Omega-3 / fish oil; Collagen; B vitamins / methylated B complex; Amino acids (EAAs, BCAAs, glycine)",$50–$150,1–2 years,,,,,,,,,,,,,,,,,,,,,,
2026-04-22,Meditation / mindfulness,"Magnesium; Vitamin D3 + K2; NAD+ precursors (NMN, NR); CoQ10 / ubiquinol; Curcumin / turmeric; Zinc",$150–$300,10+ years,Longevity / healthspan,Intentional - I research before trying,Yes - it's a core focus of my lifestyle,"Caloric restriction / time-restricted eating; NAD+ boosting (NMN, NR, IV NAD+); Strength training for longevity",Maximum possible - longevity escape velocity,7,6,Magnesium before bed; Blackout curtains / sleep mask; Consistent sleep schedule; No screens 1+ hour before bed; Grounding / earthing sheet,Brain training / meditation (clarity & calm),,"Zone 2 cardio (walking, easy jogging, cycling)",Apple Watch / Garmin / Fitbit,Once a year (annual physical),"Nutrient levels (RBC magnesium, zinc, etc.)","$500–$2,000",Newsletters / Substack,,Information overload - too many options,Plant-based or vegan,65+,Female,Asia / Pacific
2026-03-18,"Breathwork (Wim Hof, box breathing, etc.); Nootropics / smart drugs; Peptide therapy; Blue light blocking; EMF mitigation; Hormone optimization (TRT, HGH, thyroid)","Magnesium; Vitamin D3 + K2; Creatine; NAD+ precursors (NMN, NR); B vitamins / methylated B complex; Curcumin / turmeric; Zinc; Electrolytes; Amino acids (EAAs, BCAAs, glycine); Other: High Flavanol Cocoa and Flavanoids",$150–$300,1–2 years,Longevity / healthspan,Systematic - I track outcomes and iterate,Yes - it's a core focus of my lifestyle,"NAD+ boosting (NMN, NR, IV NAD+); Senolytics (fisetin, dasatinib + quercetin); Telomere support; Strength training for longevity",Maximum possible - longevity escape velocity,1,5,Magnesium before bed; Blackout curtains / sleep mask; White noise / sound machine,"Basic - coffee, exercise, good sleep",Neuroprotection / brain longevity,Strength training,Apple Watch / Garmin / Fitbit; Smart scale (body comp),Once a year (annual physical),Testosterone / hormones; Biological age markers (epigenetic clocks),$100–$500,"Podcasts (Huberman, Attia, Asprey, etc.); YouTube channels; Reddit / online forums; Instagram; Books; Scientific journals / PubMed; Newsletters / Substack",Regularly - I'm the “health person” in my circle,Cost / budget,Mediterranean,45–54,Male,United States
2026-03-30,"Heat therapy (sauna, hot tubs); Red/near-infrared light therapy; Meditation / mindfulness; Fasting (intermittent, extended, etc.); Other: exercise with bands","Magnesium; Vitamin D3 + K2; Omega-3 / fish oil; Creatine; NAD+ precursors (NMN, NR); Collagen; CoQ10 / ubiquinol; Specialty compounds (rapamycin, metformin, etc.); Other: low dose naltrexone",$300–$500,10+ years,Recovering from illness or injury,Systematic - I track outcomes and iterate,Somewhat - I make choices with longevity in mind,"Caloric restriction / time-restricted eating; NAD+ boosting (NMN, NR, IV NAD+)",I just want to feel good now,6,2,Magnesium before bed,"Basics - sleep, exercise, caffeine",,Strength training,Other: pen and paper,2–3 times per year,"Fasting glucose / HbA1c; Thyroid (TSH, T3, T4); Complete metabolic panel; Liver enzymes (ALT, AST); Other: what is available or covered","$2,000–$5,000",YouTube channels; Books; Practitioners / health coaches,,Other,Other,65+,Female,United States
2026-04-08,"Heat therapy (sauna, hot tubs); Red/near-infrared light therapy; Breathwork (Wim Hof, box breathing, etc.); Meditation / mindfulness; Grounding / earthing; Blue light blocking; Fasting (intermittent, extended, etc.); Sleep optimization (devices, protocols); HRV training / biofeedback","Magnesium; Vitamin D3 + K2; Omega-3 / fish oil; Creatine; Adaptogens (ashwagandha, rhodiola, etc.); Probiotics / prebiotics; NAD+ precursors (NMN, NR); B vitamins / methylated B complex; CoQ10 / ubiquinol; Curcumin / turmeric; Zinc; Electrolytes; Amino acids (EAAs, BCAAs, glycine); Specialty compounds (rapamycin, metformin, etc.)",$150–$300,5–10 years,Longevity / healthspan,Intentional - I research before trying,Somewhat - I make choices with longevity in mind,"NAD+ boosting (NMN, NR, IV NAD+); Senolytics (fisetin, dasatinib + quercetin); VO2 max training; Zone 2 cardio; Strength training for longevity; Dental / oral microbiome optimization",Maximum possible - longevity escape velocity,9,8,"Sleep tracker (Oura, Whoop, Apple Watch, etc.); Blue light blocking glasses; Temperature regulation (Eight Sleep, ChiliPad, etc.); Mouth taping; Magnesium before bed; Blackout curtains / sleep mask; White noise / sound machine; Sleep supplements (glycine, apigenin, L-theanine, etc.); Consistent sleep schedule; Red light in evening; No screens 1+ hour before bed","Basics - sleep, exercise, caffeine",,Hybrid (strength + cardio mix),Whoop; Apple Watch / Garmin / Fitbit; Blood pressure monitor; Smart scale (body comp),2–3 times per year,"I track 100+ (select all); Standard lipid panel; Fasting glucose / HbA1c; Testosterone / hormones; Thyroid (TSH, T3, T4); Vitamin D levels; Inflammation markers (CRP, homocysteine); Complete metabolic panel; Liver enzymes (ALT, AST); Biological age markers (epigenetic clocks); Microbiome / gut health testing; Heavy metals / toxins; Nutrient levels (RBC magnesium, zinc, etc.)","$500–$2,000","Podcasts (Huberman, Attia, Asprey, etc.); Reddit / online forums; Scientific journals / PubMed; Newsletters / Substack; Conferences (Biohacking Conference, A4M, etc.); Practitioners / health coaches",,Cost / budget,Whole foods / seasonal,35–44,Male,United States
2026-03-21,"Cold exposure (ice baths, cold showers, cryo); Heat therapy (sauna, hot tubs); Red/near-infrared light therapy; Breathwork (Wim Hof, box breathing, etc.); Meditation / mindfulness; Nootropics / smart drugs; Peptide therapy; Grounding / earthing; Blue light blocking; Sleep optimization (devices, protocols); HRV training / biofeedback","Magnesium; Vitamin D3 + K2; Omega-3 / fish oil; Creatine; Adaptogens (ashwagandha, rhodiola, etc.); Probiotics / prebiotics; Collagen; B vitamins / methylated B complex; Lion's mane / medicinal mushrooms; Curcumin / turmeric; Zinc; Electrolytes; Amino acids (EAAs, BCAAs, glycine); Specialty compounds (rapamycin, metformin, etc.)",$50–$150,10+ years,Professional advantage,Professional - I advise others or work in the field,Yes - it's a core focus of my lifestyle,Strength training for longevity,100+ healthy years,10,8,"Sleep tracker (Oura, Whoop, Apple Watch, etc.); Mouth taping; Magnesium before bed; Blackout curtains / sleep mask; CBD / THC for sleep; Consistent sleep schedule; No screens 1+ hour before bed","Advanced - stacking protocols, neurofeedback, or peptides",Focus & concentration,Sports or recreational activity,"Whoop; HRV sensor (Elite HRV, Polar, etc.); Pulse oximeter; Air quality monitor",Once a year (annual physical),"Standard lipid panel; Fasting glucose / HbA1c; Testosterone / hormones; Thyroid (TSH, T3, T4); Vitamin D levels; Complete metabolic panel","$500–$2,000","Podcasts (Huberman, Attia, Asprey, etc.); YouTube channels; Reddit / online forums; X (Twitter); Instagram; Books; Scientific journals / PubMed; Newsletters / Substack; Local meetups / communities; Practitioners / health coaches",Professionally - it's my career / brand,Information overload - too many options,Whole foods / seasonal,35–44,Male,United States
2026-05-01,"Heat therapy (sauna, hot tubs); Red/near-infrared light therapy; Meditation / mindfulness; Peptide therapy; Grounding / earthing; EMF mitigation; Fasting (intermittent, extended, etc.)","Magnesium; Vitamin D3 + K2; Creatine; Adaptogens (ashwagandha, rhodiola, etc.); Probiotics / prebiotics; B vitamins / methylated B complex; CoQ10 / ubiquinol; Lion's mane / medicinal mushrooms; Electrolytes; Amino acids (EAAs, BCAAs, glycine); Other: BPC157",$300–$500,5–10 years,General wellness / prevention,Intentional - I research before trying,"No, not really",Caloric restriction / time-restricted eating; Strength training for longevity,Maximum possible - longevity escape velocity,7,7,"Magnesium before bed; White noise / sound machine; Sleep supplements (glycine, apigenin, L-theanine, etc.)","Basics - sleep, exercise, caffeine",,Hybrid (strength + cardio mix),Apple Watch / Garmin / Fitbit; Blood pressure monitor; Air quality monitor,2–3 times per year,"Standard lipid panel; Fasting glucose / HbA1c; Testosterone / hormones; Thyroid (TSH, T3, T4); Vitamin D levels; Inflammation markers (CRP, homocysteine); Complete metabolic panel; Liver enzymes (ALT, AST); Microbiome / gut health testing; Heavy metals / toxins; Nutrient levels (RBC magnesium, zinc, etc.); Other: Thyroid panels","$5,000–$10,000",Newsletters / Substack; Other: My own research,,Not knowing what actually works,Paleo,55–64,Male,United States
2026-04-08,"Cold exposure (ice baths, cold showers, cryo); Heat therapy (sauna, hot tubs); Red/near-infrared light therapy; Breathwork (Wim Hof, box breathing, etc.); Meditation / mindfulness; Nootropics / smart drugs; Grounding / earthing; Blue light blocking; EMF mitigation; Fasting (intermittent, extended, etc.); Sleep optimization (devices, protocols); HRV training / biofeedback","Omega-3 / fish oil; Creatine; Adaptogens (ashwagandha, rhodiola, etc.); CoQ10 / ubiquinol; Curcumin / turmeric; Amino acids (EAAs, BCAAs, glycine)",$50–$150,3–5 years,Peak mental performance,Intentional - I research before trying,Somewhat - I make choices with longevity in mind,"Stem cell enhancement (therapy, exosomes, activation)",I just want to feel good now,,,,,,,,,,,"Podcasts (Huberman, Attia, Asprey, etc.); Scientific journals / PubMed",,Cost / budget,Mediterranean,18–24,Male,Europe
2026-04-10,Meditation / mindfulness; Nootropics / smart drugs; Peptide therapy; IV/injection therapy,"Magnesium; Vitamin D3 + K2; Omega-3 / fish oil; Adaptogens (ashwagandha, rhodiola, etc.); NAD+ precursors (NMN, NR); B vitamins / methylated B complex; Curcumin / turmeric; Other: IV infusion of Muse cells every 4 months. IV infusion of  NAD+ metal detox and vitamins alll together. Monthly at home my husband and I are Nurses. I'm retired and he still works BSN.",$300–$500,3–5 years,Longevity / healthspan,Intentional - I research before trying,Yes - it's a core focus of my lifestyle,"NAD+ boosting (NMN, NR, IV NAD+); Stem cell enhancement (therapy, exosomes, activation); Strength training for longevity; Dental / oral microbiome optimization",Maximum possible - longevity escape velocity,10,6,Magnesium before bed; Consistent sleep schedule; Other: Getting  ready to do Grounding/ earthing sheet,Nootropic stacking (focus & concentration),,Strength training,Blood pressure monitor; Pulse oximeter; Air quality monitor,Quarterly or more,"Standard lipid panel; Testosterone / hormones; Thyroid (TSH, T3, T4); Vitamin D levels; Inflammation markers (CRP, homocysteine); Complete metabolic panel","$2,000–$5,000","Podcasts (Huberman, Attia, Asprey, etc.); YouTube channels; Other: Out of the country Treatment and Doctors prorotocol",,Cost / budget,Mediterranean,65+,Female,United States
2026-05-09,"Meditation / mindfulness; Fasting (intermittent, extended, etc.)",Lion's mane / medicinal mushrooms,Under $50,Less than 1 year,Appearance / body composition,Intentional - I research before trying,"No, not really",Caloric restriction / time-restricted eating,I just want to feel good now,,5,"Sleep tracker (Oura, Whoop, Apple Watch, etc.); White noise / sound machine","Basics - sleep, exercise, caffeine",,"Zone 2 cardio (walking, easy jogging, cycling)",Apple Watch / Garmin / Fitbit,Once a year (annual physical),"I track 100+ (select all); Standard lipid panel; Fasting glucose / HbA1c; Testosterone / hormones; Thyroid (TSH, T3, T4); Vitamin D levels; Inflammation markers (CRP, homocysteine); Complete metabolic panel; Liver enzymes (ALT, AST); Biological age markers (epigenetic clocks); Microbiome / gut health testing; Heavy metals / toxins; Nutrient levels (RBC magnesium, zinc, etc.)",Under $100,Books,,Cost / budget,Intermittent fasting focused,45–54,Female,Europe
2026-04-29,"Cold exposure (ice baths, cold showers, cryo); Breathwork (Wim Hof, box breathing, etc.); Nootropics / smart drugs; Peptide therapy; Blue light blocking; Fasting (intermittent, extended, etc.); Hormone optimization (TRT, HGH, thyroid)","Magnesium; Vitamin D3 + K2; Omega-3 / fish oil; Creatine; Collagen; B vitamins / methylated B complex; Lion's mane / medicinal mushrooms; Zinc; Electrolytes; Amino acids (EAAs, BCAAs, glycine); Specialty compounds (rapamycin, metformin, etc.)",$150–$300,3–5 years,Appearance / body composition,Systematic - I track outcomes and iterate,Yes - it's a core focus of my lifestyle,Strength training for longevity,80–90 healthy years,7,6,"Magnesium before bed; White noise / sound machine; Sleep supplements (glycine, apigenin, L-theanine, etc.); Consistent sleep schedule","Advanced - peptides, psychedelics, or neurostimulation",,Strength training,Other: bathroom scale,2–3 times per year,"Standard lipid panel; Fasting glucose / HbA1c; Testosterone / hormones; Thyroid (TSH, T3, T4); Vitamin D levels; Inflammation markers (CRP, homocysteine); Complete metabolic panel; Liver enzymes (ALT, AST)","$5,000–$10,000","Podcasts (Huberman, Attia, Asprey, etc.); YouTube channels; Scientific journals / PubMed; Local meetups / communities; Practitioners / health coaches",,Partner / family skepticism,Whole foods / seasonal,55–64,Male,United States
2026-04-29,"Meditation / mindfulness; Peptide therapy; Fasting (intermittent, extended, etc.); Sleep optimization (devices, protocols)",Magnesium; Vitamin D3 + K2; Creatine; Probiotics / prebiotics; Collagen; B vitamins / methylated B complex; Electrolytes,$50–$150,10+ years,Longevity / healthspan,Intentional - I research before trying,"No, not really",Caloric restriction / time-restricted eating; Strength training for longevity,Maximum possible - longevity escape velocity,8,7,Magnesium before bed; Blackout curtains / sleep mask; Consistent sleep schedule; Other,Brain training / meditation (clarity & calm),,"Zone 2 cardio (walking, easy jogging, cycling)",Other: None,Once a year (annual physical),Complete metabolic panel,$100–$500,YouTube channels; Books; Practitioners / health coaches,,Not knowing what actually works,Paleo,65+,Male,United States
2026-03-22,"Cold exposure (ice baths, cold showers, cryo); Heat therapy (sauna, hot tubs); Red/near-infrared light therapy; Breathwork (Wim Hof, box breathing, etc.); Nootropics / smart drugs; Grounding / earthing; Blue light blocking; EMF mitigation; Fasting (intermittent, extended, etc.); Sleep optimization (devices, protocols); HRV training / biofeedback","Creatine; Probiotics / prebiotics; NAD+ precursors (NMN, NR); Collagen; Electrolytes; Specialty compounds (rapamycin, metformin, etc.); Other","$500–$1,000",10+ years,General wellness / prevention,Professional - I advise others or work in the field,Somewhat - I make choices with longevity in mind,"Caloric restriction / time-restricted eating; NAD+ boosting (NMN, NR, IV NAD+); Senolytics (fisetin, dasatinib + quercetin); Strength training for longevity; Dental / oral microbiome optimization; Other: Shiftwave chair sessions, roXiva RX1 glymphatic drainage protocols",Maximum possible - longevity escape velocity,10,8,"Sleep tracker (Oura, Whoop, Apple Watch, etc.); Blue light blocking glasses; White noise / sound machine; Consistent sleep schedule; Grounding / earthing sheet",Brain training / meditation (clarity & calm),,Strength training,"Oura Ring; Ultrahuman Ring; Continuous glucose monitor (CGM); Muse / neurofeedback headband; HRV sensor (Elite HRV, Polar, etc.)",Never / rarely,"Standard lipid panel; Fasting glucose / HbA1c; Testosterone / hormones; Thyroid (TSH, T3, T4); Vitamin D levels; Inflammation markers (CRP, homocysteine); Liver enzymes (ALT, AST); Nutrient levels (RBC magnesium, zinc, etc.)","$10,000+","Podcasts (Huberman, Attia, Asprey, etc.); Books; Newsletters / Substack",,Time / lifestyle constraints,Keto or low-carb,35–44,Male,Asia / Pacific
2026-05-02,"Red/near-infrared light therapy; Meditation / mindfulness; Blue light blocking; Fasting (intermittent, extended, etc.)",Magnesium,Under $50,10+ years,General wellness / prevention,Intentional - I research before trying,Somewhat - I make choices with longevity in mind,Other: Kaastu,Maximum possible - longevity escape velocity,7,3,"Sleep tracker (Oura, Whoop, Apple Watch, etc.); Magnesium before bed; Blackout curtains / sleep mask","Basics - sleep, exercise, caffeine",,"Zone 2 cardio (walking, easy jogging, cycling)",Ultrahuman Ring,Once a year (annual physical),Standard lipid panel,"$500–$2,000","Podcasts (Huberman, Attia, Asprey, etc.); Books",,Consistency / discipline,Whole foods / seasonal,65+,Male,Asia / Pacific
2026-03-21,"Heat therapy (sauna, hot tubs); Red/near-infrared light therapy; Nootropics / smart drugs; EMF mitigation; Fasting (intermittent, extended, etc.); Sleep optimization (devices, protocols); Hormone optimization (TRT, HGH, thyroid)","Magnesium; Adaptogens (ashwagandha, rhodiola, etc.); NAD+ precursors (NMN, NR); Amino acids (EAAs, BCAAs, glycine)","$500–$1,000",5–10 years,Longevity / healthspan,Systematic - I track outcomes and iterate,Yes - it's a core focus of my lifestyle,"Caloric restriction / time-restricted eating; Rapamycin or mTOR modulators; NAD+ boosting (NMN, NR, IV NAD+); Senolytics (fisetin, dasatinib + quercetin); Telomere support; Stem cell enhancement (therapy, exosomes, activation); Ozone therapy; Biological age testing (TruAge, GlycanAge, etc.); VO2 max training; Zone 2 cardio; Strength training for longevity; Dental / oral microbiome optimization",Maximum possible - longevity escape velocity,10,9,"Sleep tracker (Oura, Whoop, Apple Watch, etc.); Blue light blocking glasses; Magnesium before bed; Sleep supplements (glycine, apigenin, L-theanine, etc.); Consistent sleep schedule; No screens 1+ hour before bed","Moderate - nootropics, brain training, or meditation",Neuroprotection / brain longevity,"Zone 2 cardio (walking, easy jogging, cycling)","Oura Ring; RingConn; Continuous glucose monitor (CGM); Muse / neurofeedback headband; HRV sensor (Elite HRV, Polar, etc.); Pulse oximeter; Smart scale (body comp); Air quality monitor",Quarterly or more,"I track 100+ (select all); Standard lipid panel; Fasting glucose / HbA1c; Testosterone / hormones; Thyroid (TSH, T3, T4); Vitamin D levels; Inflammation markers (CRP, homocysteine); Complete metabolic panel; Liver enzymes (ALT, AST); Biological age markers (epigenetic clocks); Microbiome / gut health testing; Heavy metals / toxins; Nutrient levels (RBC magnesium, zinc, etc.)","$10,000+","Podcasts (Huberman, Attia, Asprey, etc.); YouTube channels; Reddit / online forums; X (Twitter); Instagram; Books; Scientific journals / PubMed; Newsletters / Substack; Conferences (Biohacking Conference, A4M, etc.); Local meetups / communities; Practitioners / health coaches","Actively - I post content, coach, or consult",Information overload - too many options,Whole foods / seasonal,35–44,Male,United States
2026-04-11,,,Under $50,Less than 1 year,Longevity / healthspan,Casual - I try things I hear about,"No, not really",,80–90 healthy years,5,2,Blackout curtains / sleep mask; White noise / sound machine,I don't actively optimize cognition,,I don't exercise regularly,Apple Watch / Garmin / Fitbit; Pulse oximeter,Never / rarely,Other: NA,Under $100,Other: Friend,,Information overload - too many options,No specific diet,35–44,Female,United States
2026-05-06,"Heat therapy (sauna, hot tubs); Red/near-infrared light therapy; Meditation / mindfulness; Peptide therapy; Grounding / earthing; Blue light blocking; Fasting (intermittent, extended, etc.); Sleep optimization (devices, protocols); Hormone optimization (TRT, HGH, thyroid)","Magnesium; Vitamin D3 + K2; Omega-3 / fish oil; Creatine; Adaptogens (ashwagandha, rhodiola, etc.); Probiotics / prebiotics; Collagen; B vitamins / methylated B complex; CoQ10 / ubiquinol; Lion's mane / medicinal mushrooms; Curcumin / turmeric; Zinc; Electrolytes; Amino acids (EAAs, BCAAs, glycine); Other: BPC157 & KPV (Gut tides)","$500–$1,000",10+ years,General wellness / prevention,Intentional - I research before trying,Yes - it's a core focus of my lifestyle,Caloric restriction / time-restricted eating; Zone 2 cardio; Strength training for longevity,I just want to feel good now,9,8,"Temperature regulation (Eight Sleep, ChiliPad, etc.); Magnesium before bed; White noise / sound machine; Sleep supplements (glycine, apigenin, L-theanine, etc.); Consistent sleep schedule","Basics - sleep, exercise, caffeine",,Hybrid (strength + cardio mix),Apple Watch / Garmin / Fitbit; Blood pressure monitor,2–3 times per year,"Standard lipid panel; Fasting glucose / HbA1c; Testosterone / hormones; Thyroid (TSH, T3, T4); Vitamin D levels; Inflammation markers (CRP, homocysteine); Complete metabolic panel; Liver enzymes (ALT, AST); Microbiome / gut health testing; Heavy metals / toxins; Nutrient levels (RBC magnesium, zinc, etc.)","$5,000–$10,000","Podcasts (Huberman, Attia, Asprey, etc.); YouTube channels; Reddit / online forums; Books; Scientific journals / PubMed; Newsletters / Substack; Practitioners / health coaches",,Information overload - too many options,Paleo,55–64,Male,United States
2026-04-05,"Heat therapy (sauna, hot tubs); Red/near-infrared light therapy; Nootropics / smart drugs; Grounding / earthing; Fasting (intermittent, extended, etc.); Hormone optimization (TRT, HGH, thyroid)","Magnesium; Vitamin D3 + K2; Omega-3 / fish oil; Creatine; Probiotics / prebiotics; NAD+ precursors (NMN, NR); Collagen; B vitamins / methylated B complex; Lion's mane / medicinal mushrooms; Curcumin / turmeric",$50–$150,5–10 years,General wellness / prevention,Systematic - I track outcomes and iterate,Yes - it's a core focus of my lifestyle,"Caloric restriction / time-restricted eating; NAD+ boosting (NMN, NR, IV NAD+); Strength training for longevity",I just want to feel good now,4,8,Magnesium before bed; Blackout curtains / sleep mask; No screens 1+ hour before bed,"Basics - sleep, exercise, caffeine",,Hybrid (strength + cardio mix),Apple Watch / Garmin / Fitbit; Continuous glucose monitor (CGM); Smart scale (body comp),2–3 times per year,"Standard lipid panel; Fasting glucose / HbA1c; Thyroid (TSH, T3, T4); Vitamin D levels; Inflammation markers (CRP, homocysteine); Complete metabolic panel; Liver enzymes (ALT, AST); Microbiome / gut health testing; Heavy metals / toxins","$5,000–$10,000","Podcasts (Huberman, Attia, Asprey, etc.); YouTube channels; Instagram; Practitioners / health coaches",,Information overload - too many options,Caloric restriction focused,45–54,Female,Asia / Pacific
2026-03-25,"Heat therapy (sauna, hot tubs); Red/near-infrared light therapy; Meditation / mindfulness; Nootropics / smart drugs; Peptide therapy; Blue light blocking; EMF mitigation; Fasting (intermittent, extended, etc.); Sleep optimization (devices, protocols); HRV training / biofeedback","Magnesium; Creatine; NAD+ precursors (NMN, NR); B vitamins / methylated B complex; CoQ10 / ubiquinol; Lion's mane / medicinal mushrooms; Electrolytes; Amino acids (EAAs, BCAAs, glycine); Specialty compounds (rapamycin, metformin, etc.)","$500–$1,000",5–10 years,Longevity / healthspan,Intentional - I research before trying,Yes - it's a core focus of my lifestyle,"Caloric restriction / time-restricted eating; Rapamycin or mTOR modulators; NAD+ boosting (NMN, NR, IV NAD+); Senolytics (fisetin, dasatinib + quercetin); Telomere support; Stem cell enhancement (therapy, exosomes, activation); Biological age testing (TruAge, GlycanAge, etc.); VO2 max training; Zone 2 cardio",Maximum possible - longevity escape velocity,9,8,"Sleep tracker (Oura, Whoop, Apple Watch, etc.); Blue light blocking glasses; Temperature regulation (Eight Sleep, ChiliPad, etc.); Magnesium before bed; Blackout curtains / sleep mask; Sleep supplements (glycine, apigenin, L-theanine, etc.); Consistent sleep schedule; Red light in evening; No screens 1+ hour before bed","Advanced - peptides, psychedelics, or neurostimulation",Neuroprotection / brain longevity,"Zone 2 cardio (walking, easy jogging, cycling)","Oura Ring; RingConn; Apple Watch / Garmin / Fitbit; Continuous glucose monitor (CGM); Eight Sleep / sleep temp device; Muse / neurofeedback headband; HRV sensor (Elite HRV, Polar, etc.); Pulse oximeter; Smart scale (body comp)",Quarterly or more,"I track 100+ (select all); Standard lipid panel; Fasting glucose / HbA1c; Testosterone / hormones; Thyroid (TSH, T3, T4); Vitamin D levels; Inflammation markers (CRP, homocysteine); Complete metabolic panel; Liver enzymes (ALT, AST); Biological age markers (epigenetic clocks); Microbiome / gut health testing; Heavy metals / toxins; Nutrient levels (RBC magnesium, zinc, etc.)","$5,000–$10,000","Podcasts (Huberman, Attia, Asprey, etc.); YouTube channels; Books; Scientific journals / PubMed; Newsletters / Substack; Conferences (Biohacking Conference, A4M, etc.)",Regularly - I'm the “health person” in my circle,Side effects / safety concerns,Whole foods / seasonal,35–44,Male,United States
2026-04-08,"Breathwork (Wim Hof, box breathing, etc.); Meditation / mindfulness; Grounding / earthing; Fasting (intermittent, extended, etc.)","Magnesium; Vitamin D3 + K2; Omega-3 / fish oil; Creatine; B vitamins / methylated B complex; CoQ10 / ubiquinol; Curcumin / turmeric; Amino acids (EAAs, BCAAs, glycine)",$50–$150,3–5 years,Longevity / healthspan,Intentional - I research before trying,Somewhat - I make choices with longevity in mind,Caloric restriction / time-restricted eating; Zone 2 cardio; Strength training for longevity,100+ healthy years,7,8,"Sleep tracker (Oura, Whoop, Apple Watch, etc.); Magnesium before bed; Blackout curtains / sleep mask; White noise / sound machine; Sleep supplements (glycine, apigenin, L-theanine, etc.); No screens 1+ hour before bed","Basics - sleep, exercise, caffeine",,Strength training,Apple Watch / Garmin / Fitbit; Blood pressure monitor,2–3 times per year,"Standard lipid panel; Fasting glucose / HbA1c; Testosterone / hormones; Thyroid (TSH, T3, T4); Vitamin D levels; Inflammation markers (CRP, homocysteine); Complete metabolic panel; Nutrient levels (RBC magnesium, zinc, etc.)",$100–$500,Newsletters / Substack,,Cost / budget,Keto or low-carb,65+,Male,United States
2026-03-28,"Heat therapy (sauna, hot tubs); Red/near-infrared light therapy; Breathwork (Wim Hof, box breathing, etc.); Meditation / mindfulness; Grounding / earthing; Blue light blocking; Fasting (intermittent, extended, etc.); HRV training / biofeedback","Magnesium; Vitamin D3 + K2; Omega-3 / fish oil; Creatine; Probiotics / prebiotics; Collagen; B vitamins / methylated B complex; CoQ10 / ubiquinol; Zinc; Electrolytes; Amino acids (EAAs, BCAAs, glycine)",$150–$300,3–5 years,General wellness / prevention,Intentional - I research before trying,Somewhat - I make choices with longevity in mind,"Caloric restriction / time-restricted eating; Biological age testing (TruAge, GlycanAge, etc.); VO2 max training; Zone 2 cardio; Strength training for longevity",Maximum possible - longevity escape velocity,3,4,"Sleep tracker (Oura, Whoop, Apple Watch, etc.); Mouth taping; Magnesium before bed; Blackout curtains / sleep mask; White noise / sound machine; Sleep supplements (glycine, apigenin, L-theanine, etc.); Grounding / earthing sheet",Neurofeedback / flow state protocols,,Hybrid (strength + cardio mix),"Apple Watch / Garmin / Fitbit; Muse / neurofeedback headband; HRV sensor (Elite HRV, Polar, etc.); Smart scale (body comp)",Never / rarely,Other: Don't actively track,"$500–$2,000","Podcasts (Huberman, Attia, Asprey, etc.); YouTube channels; Books; Scientific journals / PubMed; Newsletters / Substack; Practitioners / health coaches",,Time / lifestyle constraints,Intermittent fasting focused,55–64,Male,United States
2026-04-08,Meditation / mindfulness; Nootropics / smart drugs; Peptide therapy; HRV training / biofeedback,Magnesium; Vitamin D3 + K2; Omega-3 / fish oil; Creatine; Collagen; CoQ10 / ubiquinol; Zinc; Electrolytes,$150–$300,10+ years,Appearance / body composition,Intentional - I research before trying,Somewhat - I make choices with longevity in mind,Caloric restriction / time-restricted eating; Dental / oral microbiome optimization,I just want to feel good now,6,7,"Sleep tracker (Oura, Whoop, Apple Watch, etc.); Temperature regulation (Eight Sleep, ChiliPad, etc.); Magnesium before bed; Blackout curtains / sleep mask; Sleep supplements (glycine, apigenin, L-theanine, etc.); Red light in evening","Basics - sleep, exercise, caffeine",,I don't exercise regularly,Apple Watch / Garmin / Fitbit; Smart scale (body comp),Once a year (annual physical),Standard lipid panel,"$500–$2,000","Podcasts (Huberman, Attia, Asprey, etc.); Books; Newsletters / Substack",,Consistency / discipline,Intermittent fasting focused,35–44,Female,United States
2026-05-01,"Red/near-infrared light therapy; Meditation / mindfulness; Blue light blocking; Fasting (intermittent, extended, etc.); Sleep optimization (devices, protocols)","Magnesium; Omega-3 / fish oil; Adaptogens (ashwagandha, rhodiola, etc.); B vitamins / methylated B complex; Curcumin / turmeric; Amino acids (EAAs, BCAAs, glycine)",Under $50,1–2 years,General wellness / prevention,Intentional - I research before trying,Somewhat - I make choices with longevity in mind,"Caloric restriction / time-restricted eating; Senolytics (fisetin, dasatinib + quercetin); Telomere support; Dental / oral microbiome optimization",I just want to feel good now,7,10,"White noise / sound machine; Sleep supplements (glycine, apigenin, L-theanine, etc.); Consistent sleep schedule","Basics - sleep, exercise, caffeine",,Sports or recreational activity,Air quality monitor,Never / rarely,Standard lipid panel,"$500–$2,000",Books; Scientific journals / PubMed; Newsletters / Substack,,Access to practitioners or clinics,Whole foods / seasonal,65+,Female,United States
2026-04-22,"Red/near-infrared light therapy; EMF mitigation; Fasting (intermittent, extended, etc.)","Magnesium; Vitamin D3 + K2; Creatine; Adaptogens (ashwagandha, rhodiola, etc.); Zinc; Electrolytes; Amino acids (EAAs, BCAAs, glycine)",$50–$150,5–10 years,Longevity / healthspan,Intentional - I research before trying,"No, not really",Strength training for longevity,I just want to feel good now,5,2,Other: None,I don't actively optimize cognition,,Hybrid (strength + cardio mix),Other: None,Never / rarely,Other: None,$100–$500,"Podcasts (Huberman, Attia, Asprey, etc.); YouTube channels; Instagram; Practitioners / health coaches",,Cost / budget,Intermittent fasting focused,45–54,Male,United States
